question,ground_truth
"What are the key reasons to visit Shanghai for health and wellness activities, and how can I incorporate exercise routines inspired by the city's lifestyle to improve my overall well-being?","The provided context does not include specific information about Shanghai or its health and wellness activities. It focuses on exercise basics, exercises for common problems like lower back pain and neck tension, and building a workout routine. Therefore, based solely on the context, there is no information available about Shanghai or how to incorporate its lifestyle into health routines."
How Shanghai help with health stuff?,"The context provided does not mention Shanghai, so I cannot give specific information about it based on the provided content."
so like what is exercise and movement and why is it important for health and how do I do it right and what kind of exercises should I do for back pain and neck pain and how do I start a routine and how much should I do every week and what are the main types of exercise and how do I make it work for me and what are some good exercises for beginners and how do I get better at it over time,"Exercise and movement are important for your health because they can improve brain health, help manage weight, reduce disease risk, strengthen bones and muscles, and improve daily activities. The main types of exercise are aerobic (cardio), strength training, flexibility, and balance exercises, and a well-rounded routine includes all four. For common problems like lower back pain, gentle stretching and strengthening exercises such as Cat-Cow Stretch, Bird Dog, Partial Crunches, Knee-to-Chest Stretch, and Pelvic Tilts can help. For neck and shoulder tension, exercises like Neck Rolls, Shoulder Shrugs, Chest Opener, and Chin Tucks are recommended. To start a routine, begin slowly, gradually increase intensity and duration, and follow a weekly schedule like walking, bodyweight exercises, yoga, or recreational activities. Adults should aim for at least 150 minutes of moderate aerobic activity per week, along with muscle-strengthening activities on two or more days. Over time, you can improve by increasing weight, reps, sets, or decreasing rest, making exercise a consistent part of your lifestyle."
What role do carbohydrates play in a balanced diet?,"Carbohydrates are the primary energy source in a balanced diet. It is recommended to choose complex carbs like whole grains, fruits, and vegetables."
Whaat is the importnace of NUTRITION AND DIET in healhty livng?,"A balanced diet provides your body with the nutrients it needs to function properly. The key components include macronutrients like carbohydrates, proteins, and fats, as well as micronutrients such as vitamins and minerals. Proper nutrition supports overall health, energy levels, immune function, and well-being."
What r macronutrients?,"Macronutrients are the key components of a balanced diet, including carbohydrates, proteins, and fats. Carbohydrates are the primary energy source, proteins are essential for muscle repair and immune function, and fats are necessary for hormone production and nutrient absorption."
What information is covered in Chapter 16 of the health guide regarding managing headaches naturally?,"Chapter 16 discusses managing headaches naturally by identifying common triggers such as dehydration, stress, poor sleep, skipped meals, eye strain, weather changes, and certain foods. It also covers natural remedies including drinking water, applying cold or warm compresses, resting in a dark, quiet room, gentle massage, using peppermint or lavender essential oils, small amounts of caffeine, and maintaining a regular sleep schedule."
What is Chapter 13 about?,"Chapter 13 discusses the science of habit formation, explaining how habits become automatic through repetition, the components of the habit loop (cue, routine, reward), and tips for building new habits such as starting small, attaching habits to existing ones, making habits obvious and easy, tracking progress, and being patient."
What is PART 5 about in building healthy habits?,"PART 5 discusses building healthy habits by explaining that habits are behaviors that become automatic through repetition, and understanding how they form can help you build positive routines and break negative ones. It describes the habit loop consisting of cue, routine, and reward, and offers tips such as starting small, attaching new habits to existing ones, making habits obvious and easy, tracking progress, and being patient, noting that habits take an average of 66 days to form."
What does PART 4 cover in the context of stress management and mental wellness?,"PART 4 focuses on stress management and mental wellness, including understanding stress, its physical and mental symptoms, and techniques for stress reduction. It discusses immediate relief methods like deep breathing and grounding techniques, long-term lifestyle changes such as regular exercise and adequate sleep, and the practice of mindfulness and meditation to reduce stress and improve emotional regulation."
What is part  4 about stress management and mental wellness?,"Part 4 covers stress management and mental wellness, including understanding stress, its physical and mental symptoms, and techniques for relief and long-term management. It discusses immediate relief methods like deep breathing and grounding, as well as lifestyle changes such as exercise, sleep, social support, and mindfulness practices to reduce stress and improve overall well-being."
What is an appenidx?,"The provided context does not define or explain the term ""APPENDIX""; it only includes a section titled ""APPENDIX"" that contains quick reference guides and wellness tips. Therefore, based solely on the context, ""APPENDIX"" refers to the section containing these guides and tips."
How does Chapter 20 on social connections relate to building healthy habits and improving overall well-being according to the context?,"Chapter 20 emphasizes the importance of strong social connections for better mental and physical health, which aligns with the principles of building healthy habits discussed in Chapter 13. Developing social relationships can serve as positive routines and sources of support, reinforcing healthy behaviors and contributing to overall well-being as guided by the holistic health approach outlined in the context."
How does Chapter 17 relate to the overall guidance provided in Chapter 13 on building healthy habits?,"Chapter 17 focuses on supporting digestive health through habits such as eating fiber-rich foods, staying hydrated, and managing stress, which align with the principles of habit formation discussed in Chapter 13. Both chapters emphasize starting small, attaching new behaviors to existing routines, and tracking progress to establish sustainable health habits that improve overall well-being."
How does Chapter 21's focus on digital wellness relate to stress management techniques discussed in Chapter 10?,"Chapter 21 emphasizes digital wellness practices such as setting specific times for device use, taking regular breaks, and creating tech-free zones, which can help reduce signs of digital overuse like sleep problems, eye strain, and anxiety. These practices support stress reduction techniques from Chapter 10, such as deep breathing and grounding exercises, by minimizing digital distractions and promoting healthier habits that contribute to overall mental wellness and stress management."
"How does Chapter 21 on digital wellness relate to stress management techniques discussed in Chapter 10, and how can integrating these practices support overall mental and physical health?","Chapter 21 on digital wellness highlights the negative impacts of overusing technology, such as difficulty sleeping, eye strain, and decreased social interaction, which can contribute to stress. The stress management techniques in Chapter 10, including deep breathing, grounding exercises, and mindfulness meditation, can help mitigate these effects by promoting relaxation and mental clarity. Integrating digital wellness practices—like setting screen time limits and creating tech-free zones—with stress reduction methods can enhance overall mental and physical health by reducing stress triggers and fostering healthier habits, ultimately supporting better sleep, emotional regulation, and physical well-being."
Chapter 4 sleep good how help,"Chapter 4 talks about healthy eating, but it also mentions sleep and how good sleep is important for health. It says to keep a good sleep schedule, have relaxing bedtime routines, and make your room comfortable to help sleep better."
"Considering the foundational principles outlined in Chapter 1 regarding exercise basics, how can incorporating specific exercises for common problems such as lower back pain and neck tension, as described in the same chapter, enhance the effectiveness of a balanced workout routine for overall health and well-being?","In Chapter 1, the importance of a well-rounded exercise routine is emphasized, including aerobic, strength, flexibility, and balance exercises. Incorporating specific exercises for common problems like lower back pain—such as Cat-Cow Stretch, Bird Dog, and Knee-to-Chest Stretch—and neck tension relief exercises like Neck Rolls and Shoulder Shrugs can directly address these issues. By integrating these targeted exercises into a regular routine, individuals can alleviate discomfort, prevent future problems, and improve mobility. This tailored approach enhances the overall effectiveness of a balanced workout routine, supporting better health, reducing pain, and promoting overall well-being as part of a holistic health strategy."
How chapter 13 about habits help build health habits for better health like in chapter 20 social connections and health?,"Chapter 13 explains that understanding how habits form, including the habit loop with cue, routine, and reward, can help you build positive routines and break negative ones. This knowledge can support creating healthy habits that improve overall well-being, which is related to chapter 20 that emphasizes the importance of social connections and health for mental and physical health. Building good habits through habit stacking and tracking can enhance your social and health-related behaviors, leading to better overall health and stronger social connections."
How can Chapter 14's focus on morning routines for wellness help in building healthy habits as described in Chapter 13?,"Chapter 14 emphasizes establishing intentional morning routines, such as waking at a consistent time, drinking water, stretching, and practicing mindfulness, which can serve as effective cues in the habit loop described in Chapter 13. By consistently following these morning habits, individuals can reinforce positive routines, making them more automatic over time, especially when these behaviors are attached to existing routines and tracked for progress. This integration supports the development of sustainable healthy habits that contribute to overall well-being."
Chapter 21 stress help what do,"Chapter 21 talks about digital wellness and how overusing technology can harm health, like causing sleep problems and anxiety. It suggests practices like setting tech time limits, taking breaks, and creating tech-free zones to improve overall well-being, which aligns with stress management and mental wellness strategies discussed earlier."
What is chapter 19 about in the context of building health habits?,"Chapter 19 in the context discusses work-life balance, emphasizing the importance of maintaining a healthy balance between professional responsibilities and personal life for overall well-being. It covers signs of poor work-life balance and strategies such as setting boundaries, scheduling personal time, and disconnecting from work to improve long-term health."
